{
	"@metadata": {
		"authors": [
			"Gt",
			"Olavur"
		]
	},
	"VARIABLES_DEFAULT_NAME": "lutur",
	"UNNAMED_KEY": "ónevnt",
	"TODAY": "Í dag",
	"DUPLICATE_BLOCK": "Tvífalda",
	"ADD_COMMENT": "Viðmerk",
	"REMOVE_COMMENT": "Strika viðmerking",
	"DUPLICATE_COMMENT": "Tvífalda viðmerking",
	"EXTERNAL_INPUTS": "Innputt uttanifrá",
	"INLINE_INPUTS": "Innlinju innputt",
	"DELETE_BLOCK": "Strika blokk",
	"DELETE_X_BLOCKS": "Strika %1 blokkar",
	"DELETE_ALL_BLOCKS": "Strika allar %1 blokkar?",
	"CLEAN_UP": "Rudda blokkar",
	"COLLAPSE_BLOCK": "Fell blokk saman",
	"COLLAPSE_ALL": "Fell blokkar saman",
	"EXPAND_BLOCK": "Víðka blokk",
	"EXPAND_ALL": "Víðka blokkar",
	"DISABLE_BLOCK": "Ger blokk óvirknan",
	"ENABLE_BLOCK": "Ger blokk virknan",
	"HELP": "Hjálp",
	"UNDO": "Angra",
	"REDO": "Ger umaftur",
	"CHANGE_VALUE_TITLE": "Broyt virði:",
	"RENAME_VARIABLE": "Broyt navn á variabli...",
	"RENAME_VARIABLE_TITLE": "Broyt navnið á øllum '%1' variablum til:",
	"NEW_VARIABLE": "Ger variabul...",
	"NEW_STRING_VARIABLE": "Ger strongvariabul...",
	"NEW_NUMBER_VARIABLE": "Ger talvariabul...",
	"NEW_COLOUR_VARIABLE": "Ger litvariabul...",
	"NEW_VARIABLE_TYPE_TITLE": "Nýtt variabulslag:",
	"NEW_VARIABLE_TITLE": "Navn á nýggjum variabli:",
	"VARIABLE_ALREADY_EXISTS": "Ein variabul við navninum '%1' finst longu.",
	"VARIABLE_ALREADY_EXISTS_FOR_ANOTHER_TYPE": "Ein variabul við navninum '%1' finst longu fyri eina aðra typu: '%2'",
	"DELETE_VARIABLE_CONFIRMATION": "Strika %1 brúk av '%2' variablinum?",
	"CANNOT_DELETE_VARIABLE_PROCEDURE": "Kann ikki strika variabulin '%1', tí hann er partur av allýsingini av funktiónini '%2'",
	"DELETE_VARIABLE": "Strika '%1' variabulin",
	"DIALOG_OK": "Í lagi",
	"DIALOG_CANCEL": "Angra"
}
